Time,Open,High,Low,Close,Volume
20170825 125721,1.05328,0,0,0,1000
20170825 125721,1.05328,0,0,0,1000
20170825 125721,1.05328,0,0,0,1000
20170825 125721,1.05328,0,-9,-1,1000
20170825 125721,1.05328,0,-9,-1,1000
20170825 125721,1.05328,0,-10,-2,1000
20170825 125721,1.05328,0,-10,-2,1000
